{"cameraMode":{"drawMode":0,"name":"Shaded","section":"Shading Mode"},"sceneLighting":false,"audioPlay":false,"sceneViewState":{"m_AlwaysRefresh":true,"showFog":true,"showSkybox":false,"showFlares":true,"showImageEffects":true,"showParticleSystems":true,"showVisualEffectGraphs":true,"m_FxEnabled":true},"in2DMode":false,"pivot":{"x":-0.05276811122894287,"y":0.21603013575077058,"z":-0.029735326766967775},"rotation":{"x":-0.26586297154426577,"y":0.5039119124412537,"z":-0.13875839114189149,"w":-0.8100221157073975},"size":1.220047950744629,"orthographic":false}