{"cameraMode":{"drawMode":0,"name":"Shaded","section":"Shading Mode"},"sceneLighting":false,"audioPlay":false,"sceneViewState":{"m_AlwaysRefresh":true,"showFog":true,"showSkybox":false,"showFlares":true,"showImageEffects":true,"showParticleSystems":true,"showVisualEffectGraphs":true,"m_FxEnabled":true},"in2DMode":false,"pivot":{"x":2.024928092956543,"y":7.617834091186523,"z":0.45758962631225588},"rotation":{"x":-0.16922517120838166,"y":0.06639064103364945,"z":0.009699218906462193,"w":-0.9844452142715454},"size":6.283360481262207,"orthographic":false}