{"cameraMode":{"drawMode":0,"name":"Shaded","section":"Shading Mode"},"sceneLighting":false,"audioPlay":false,"sceneViewState":{"m_AlwaysRefresh":false,"showFog":true,"showSkybox":false,"showFlares":true,"showImageEffects":true,"showParticleSystems":true,"showVisualEffectGraphs":true,"m_FxEnabled":true},"in2DMode":false,"pivot":{"x":0.008090496063232422,"y":1.3469436168670655,"z":2.028762102127075},"rotation":{"x":0.005312493070960045,"y":-0.994114875793457,"z":0.0822518914937973,"w":0.07233723998069763},"size":3.291266679763794,"orthographic":false}