{"cameraMode":{"drawMode":0,"name":"Shaded","section":"Shading Mode"},"sceneLighting":false,"audioPlay":false,"sceneViewState":{"m_AlwaysRefresh":true,"showFog":true,"showSkybox":false,"showFlares":true,"showImageEffects":true,"showParticleSystems":true,"showVisualEffectGraphs":true,"m_FxEnabled":true},"in2DMode":false,"pivot":{"x":-25.015378952026368,"y":3.117093563079834,"z":0.5557903051376343},"rotation":{"x":-0.12306365370750427,"y":-0.024859948083758355,"z":0.024878494441509248,"w":-0.9929167628288269},"size":2.9468562602996828,"orthographic":false}