{"cameraMode":{"drawMode":0,"name":"Shaded","section":"Shading Mode"},"sceneLighting":true,"audioPlay":false,"sceneViewState":{"m_AlwaysRefresh":true,"showFog":true,"showSkybox":true,"showFlares":true,"showImageEffects":true,"showParticleSystems":true,"showVisualEffectGraphs":true,"m_FxEnabled":true},"in2DMode":false,"pivot":{"x":-9.462080001831055,"y":2.496248483657837,"z":12.656013488769532},"rotation":{"x":-0.03804216906428337,"y":0.32813629508018496,"z":0.010664572939276696,"w":-0.9451221227645874},"size":1.032751441001892,"orthographic":false}