{"cameraMode":{"drawMode":0,"name":"Shaded","section":"Shading Mode"},"sceneLighting":true,"audioPlay":false,"sceneViewState":{"m_AlwaysRefresh":false,"showFog":true,"showSkybox":true,"showFlares":true,"showImageEffects":true,"showParticleSystems":true,"showVisualEffectGraphs":true,"m_FxEnabled":true},"in2DMode":false,"pivot":{"x":8.044113159179688,"y":1.504004955291748,"z":9.177961349487305},"rotation":{"x":0.007632966618984938,"y":-0.7395367622375488,"z":-0.008065682835876942,"w":-0.6733166575431824},"size":2.9205269813537599,"orthographic":false}