{"cameraMode":{"drawMode":0,"name":"Shaded","section":"Shading Mode"},"sceneLighting":true,"audioPlay":false,"sceneViewState":{"m_AlwaysRefresh":true,"showFog":true,"showSkybox":true,"showFlares":true,"showImageEffects":true,"showParticleSystems":true,"showVisualEffectGraphs":true,"m_FxEnabled":true},"in2DMode":false,"pivot":{"x":5.529726028442383,"y":1.9866958856582642,"z":10.558835983276368},"rotation":{"x":0.08813764154911041,"y":-0.3514946401119232,"z":-0.014413023367524147,"w":-0.9335546493530273},"size":1.7779887914657593,"orthographic":false}